<?xml version="1.0" encoding="UTF-8"?>
<!DOCTYPE mapper PUBLIC "-//mybatis.org//DTD Mapper 3.0//EN"
  "http://mybatis.org/dtd/mybatis-3-mapper.dtd">
<mapper namespace="com.jt.sys.dao.SysMenuDao">

    <update id="updateObject" parameterType="sysMenu">
         update sys_menus
         set
           name=#{name},
           type=#{type},
           sort=#{sort},
           url=#{url},
           parentId=#{parentId},
           permission=#{permission},
           modifiedUser=#{modifiedUser},
           modifiedTime=now()
        where id=#{id}
    </update>
    
    <insert id="insertObject" parameterType="sysMenu">
         insert into sys_menus
         (name,url,type,sort,note,parentId,permission,createdTime,modifiedTime,createdUser,modifiedUser)
         values
         (#{name},#{url},#{type},#{sort},#{note},#{parentId},#{permission},now(),now(),#{createdUser},#{modifiedUser})
    </insert>
    

    <select id="findZTreeNodes" resultType="node">
        select id,name,parentId
        from sys_menus        
    </select>

    <select id="findObjectById" resultType="map">
        select c.*,p.name parentName
        from sys_menus c left join sys_menus p
        on c.parentId=p.id
        where c.id=#{id}
    </select>
    
    <select id="getChildCount" resultType="int">
         select count(*)
         from sys_menus
         where parentId=#{id}
    </select>
    
    <delete id="deleteObject">
        delete 
        from sys_menus
        where id=#{id}
    </delete>
    

    <!-- 方法一 -->
    <!-- 
    <select id="findObjects" resultType="map">
         select c.*,p.name parentName
         from sys_menus c left join sys_menus p
         on c.parentId=p.id
    </select>
    -->
    <!-- 方法二-->
    <select id="findObjects" resultType="map">
         select c.*,(select name
                     from sys_menus p 
                     where c.parentId=p.id)  parentName
         from sys_menus c
    </select>
    
</mapper>



