<?xml version="1.0" encoding="UTF-8"?>
<!DOCTYPE mapper PUBLIC "-//mybatis.org//DTD Mapper 3.0//EN"
  "http://mybatis.org/dtd/mybatis-3-mapper.dtd">
<mapper namespace="com.jt.sys.dao.SysRoleMenuDao">
    
      <delete id="deleteObjectByRoleId"
              parameterType="int">
           delete from sys_role_menus
           where role_id=#{roleId}
      </delete>
      
      <delete id="deleteObjectByMenuId"
              parameterType="int">
           delete from sys_role_menus
           where menu_id=#{menuId}
      </delete>
    
      <!-- 查询关系表中是否有对应的menuId -->
      <select id="getMenuCount"
              resultType="int">
           select count(*)
           from sys_role_menus
           where menu_id=#{menuId}
      </select>
      
      <!-- 根据角色id查询菜单 -->
      <select id="findMenuIdsByRoleId"
              resultType="int">
            select menu_id
            from sys_role_menus
            where role_id=#{roleId} 
      </select>
      
      <insert id="insertObject">
         insert into sys_role_menus
         (role_id,menu_id)
         values 
         <foreach collection="menuIds" 
                  separator=","
                  item="item">
              (#{roleId},#{item})
         </foreach>
      </insert>
      
      
      
</mapper>



