<?xml version="1.0" encoding="UTF-8"?>
<beans default-lazy-init="true"
    xmlns="http://www.springframework.org/schema/beans" 
    xmlns:p="http://www.springframework.org/schema/p"
    xmlns:xsi="http://www.w3.org/2001/XMLSchema-instance" 
    xmlns:context="http://www.springframework.org/schema/context"
    xmlns:tx="http://www.springframework.org/schema/tx"
    xmlns:aop="http://www.springframework.org/schema/aop" 
    xmlns:mvc="http://www.springframework.org/schema/mvc"
    xmlns:util="http://www.springframework.org/schema/util"
    xmlns:jpa="http://www.springframework.org/schema/data/jpa"
    xsi:schemaLocation="  
       http://www.springframework.org/schema/beans   
       http://www.springframework.org/schema/beans/spring-beans-4.3.xsd  
       http://www.springframework.org/schema/mvc   
       http://www.springframework.org/schema/mvc/spring-mvc-4.3.xsd   
       http://www.springframework.org/schema/tx   
       http://www.springframework.org/schema/tx/spring-tx-4.3.xsd   
       http://www.springframework.org/schema/aop 
       http://www.springframework.org/schema/aop/spring-aop-4.3.xsd
       http://www.springframework.org/schema/util 
       http://www.springframework.org/schema/util/spring-util-4.3.xsd
       http://www.springframework.org/schema/data/jpa 
       http://www.springframework.org/schema/data/jpa/spring-jpa-1.3.xsd
       http://www.springframework.org/schema/context
       http://www.springframework.org/schema/context/spring-context-4.3.xsd" >
       
    <!-- 自动扫描该包 -->
    <context:component-scan base-package="com.jt" />
    <!-- 启用mvc注解 -->
    <mvc:annotation-driven />
    <!-- 定义跳转的文件的前后缀 ，视图模式配置 -->
    <bean id="viewResolver" class="org.springframework.web.servlet.view.InternalResourceViewResolver">
        <!-- 自动给后面action的方法return的字符串加上前缀和后缀，变成一个 可用的url地址 -->
        <property name="prefix" value="/WEB-INF/pages/" />
        <property name="suffix" value=".html"></property>
    </bean>  
    <!-- 整合DRUID -->
    <util:properties id="cfg" location="classpath:config.properties"/>
    <!--配置DruidDataSource连接池 -->
    <bean id="dataSource" class="com.alibaba.druid.pool.DruidDataSource"
		destroy-method="close" init-method="init" lazy-init="true">
		<property name="driverClassName" value="#{cfg.driver}" />
		<property name="url" value="#{cfg.url}" />
		<property name="username" value="#{cfg.username}" />
		<property name="password" value="#{cfg.password}" />
    </bean>
    <!-- 整合mybatis -->
    <bean id="sqlSessionFactory" class="org.mybatis.spring.SqlSessionFactoryBean">
	   <property name="dataSource" ref="dataSource" />
	   <property name="configLocation" value="classpath:mybatis-configs.xml"></property>
	   <!-- 自动扫描mapping.xml文件 -->
	   <property name="mapperLocations" >
			<list><value>classpath:mapper/*.xml</value></list>
	   </property>
	</bean>
    <!-- 扫描DAO接口所在包，Spring会自动查找其下的dao
                  接口，然后为接口创建代理对象-->
	<bean class="org.mybatis.spring.mapper.MapperScannerConfigurer">
		<property name="basePackage"
		          value="com.jt.**.dao"/>
	</bean>
	<!-- 配置shiro框架-->
	
	<!-- 配置realm对象(将给spring管理) -->
	<bean id="userRealm" 
	        class="com.jt.sys.service.realm.ShiroUserRealm">
	    <!-- 凭证匹配器(密码加密) -->
	    <property name="credentialsMatcher">
    		<bean class="org.apache.shiro.authc.credential.HashedCredentialsMatcher">
    			<property name="hashAlgorithmName" value="MD5"/>
    			<!-- <property name="hashIterations" value="1024"/> -->
    		</bean>
    	</property>
	</bean>
	<!-- 配置CacheManager对象(不是必须的,主要是为了提高性能,可以对认证信息以及授权信息进行缓存) -->
    <bean id="cacheManager" class="org.apache.shiro.cache.ehcache.EhCacheManager">
        <!-- Set a net.sf.ehcache.CacheManager instance here if you already have one.  If not, a new one
             will be creaed with a default config:
             <property name="cacheManager" ref="ehCacheManager"/> -->
        <!-- If you don't have a pre-built net.sf.ehcache.CacheManager instance to inject, but you want
             a specific Ehcache configuration to be used, specify that here.  If you don't, a default
             will be used.: -->
        <property name="cacheManagerConfigFile" value="classpath:ehcache.xml"/> 
    </bean>
	<!-- 配置securityManager对象(此对象时shiro框架核心) -->
	<bean id="securityManager" 
	   class="org.apache.shiro.web.mgt.DefaultWebSecurityManager">
	    <property name="realm" ref="userRealm"/> 
	    <property name="cacheManager" ref="cacheManager"/>  
	</bean>
	<!-- 配置ShiroFilter(通过此filter的配置实现对请求资源的过滤,哪些请求要放行,哪些要认证)-->
	<bean id="shiroFilter" class="org.apache.shiro.spring.web.ShiroFilterFactoryBean">
         <!-- shiro的核心安全接口 -->
         <property name="securityManager" ref="securityManager"/>
         <!-- 要求登录时的连接 -->
         <property name="loginUrl" value="/loginUI.do"></property>
         <!-- 登录成功后要跳转的连接(此处已经在登录中处理了) -->
         <!-- <property name="successUrl" value="/index.jsp"></property> -->
         <!-- 访问未对其授权的资源时,要跳转的连接 
         <property name="unauthorizedUrl" value="/default.html"></property>-->
         <!-- shiro连接约束配置 -->
         <property name="filterChainDefinitions">
             <value>
                 <!-- 对静态资源设置允许匿名访问 -->
                 /bower_components/** = anon
                 /build/** = anon
                 /dist/** = anon
                 /plugins/** = anon
                 /doLogin.do = anon
                 <!-- 退出 -->
                 /doLogout.do = logout  <!-- 会调用Subject的logout方法,此方法会将session清空 -->
                 <!-- 剩余其他路径，必须认证通过才可以访问 -->
                 /** = authc
             </value>
         </property>
     </bean>
     
    <!--Shiro生命周期处理器-->
	<bean id="lifecycleBeanPostProcessor" 
	class="org.apache.shiro.spring.LifecycleBeanPostProcessor"/>
	
	<!--启用shiro注解权限检查(@RequestPermissions)-->
	<bean class="org.springframework.aop.framework.autoproxy.DefaultAdvisorAutoProxyCreator"
	    depends-on="lifecycleBeanPostProcessor"/>
	<bean  class="org.apache.shiro.spring.security.interceptor.AuthorizationAttributeSourceAdvisor">
	    <property name="securityManager" ref="securityManager"/>
	</bean>
	<aop:aspectj-autoproxy/>
	<!-- 配置spring事务管理 -->
	<!--1)定义事务管理对象(可以将此对象理解为切面) -->
	<bean id="txManager"
	      class="org.springframework.jdbc.datasource.DataSourceTransactionManager">
	      <property name="dataSource" ref="dataSource"/>
	</bean>
    <!-- 2)配置事务策略 -->
    <tx:advice id="txAdvice" transaction-manager="txManager">
       <tx:attributes>
           <tx:method name="find*" read-only="true" isolation="READ_COMMITTED"/>
           <tx:method name="save*" propagation="REQUIRED"/>
           <tx:method name="update*" propagation="REQUIRED"/>
           <tx:method name="delete*" propagation="REQUIRED"/>
           <tx:method name="valid*" propagation="REQUIRED"/>
           <tx:method name="*"/>
       </tx:attributes>
    </tx:advice>
    <!-- 3)配置事务应用(在哪些业务对象的哪些方法上使用事务) -->
    <aop:config>
       <aop:pointcut expression="execution(* com.jt.sys.service..*.*(..))"
                     id="txPointcut"/>
       <aop:advisor advice-ref="txAdvice" pointcut-ref="txPointcut"/>          
    </aop:config>
</beans>